<?xml version="1.0" encoding="utf-8"?>
<install method="upgrade" type="component" version="1.5.0">
    <name>Joomailer Mailchimp Signup</name>
    <author>freakedout</author>
    <authorEmail>contact@freakedout.de</authorEmail>
    <authorUrl>www.freakedout.de</authorUrl>
    <copyright>Copyright (C) 2011 freakedout - All rights reserved.</copyright>
    <creationDate>2011-06-29</creationDate>
    <license>http://www.gnu.org/licenses/gpl-3.0.html GNU/GPL</license>
    <version>1.9</version>
    <description>Used to signup registrants to MailChimp during Core, Community Builder and JomSocial registration process</description>

    <installfile>install.joomailermailchimpsignup.php</installfile>
    <uninstallfile>uninstall.joomailermailchimpsignup.php</uninstallfile>

    <!-- Site Main File Copy Section -->

    <files folder="site">
        <filename>index.html</filename>
        <filename>joomailermailchimpsignup.php</filename>
        <filename>controller.php</filename>
        <folder>libraries</folder>
        <folder>models</folder>
        <folder>tables</folder>
        <folder>templates</folder>
    </files>

    <!-- administration part -->

    <administration>

    <files folder="admin">
        <filename>index.html</filename>
        <filename>joomailermailchimpsignup.php</filename>
        <filename>controller.php</filename>
        <folder>models</folder>
    </files>

    <languages>
        <language tag="en-GB">language/admin/en-GB/en-GB.com_joomailermailchimpsignup.ini</language>
    </languages>

    </administration>

    
</install>
