<?xml version="1.0" encoding="UTF-8"?>
<cbinstall version="1.0" type="plugin" group="user">
    <name>joomlamailer CB Signup</name>
    <author>freakedout</author>
    <creationDate>2011-06-29</creationDate>
    <copyright>Copyright (C) 2011 freakedout. All rights reserved.</copyright>
    <license>http://www.gnu.org/licenses/gpl-3.0.html GNU/GPL</license>
    <authorEmail>contact@freakedout.de</authorEmail>
    <authorUrl>www.freakedout.de</authorUrl>
    <version>1.0</version>
    <description>Plugin to handle core plugin events in CommunityBuilder</description>
    <files>
	<filename plugin="cb.joomlamailer">cb.joomlamailer.php</filename>
    </files>
</cbinstall>
